<?xml version="1.0" encoding="UTF-8" standalone="yes"?><Types xmlns="http://schemas.openxmlformats.org/package/2006/content-types"><Default ContentType="application/xml" Extension="xml"/><Default ContentType="application/vnd.openxmlformats-package.relationships+xml" Extension="rels"/><Override ContentType="application/vnd.openxmlformats-officedocument.spreadsheetml.worksheet+xml" PartName="/xl/worksheets/sheet5.xml"/><Override ContentType="application/vnd.openxmlformats-officedocument.spreadsheetml.worksheet+xml" PartName="/xl/worksheets/sheet4.xml"/><Override ContentType="application/vnd.openxmlformats-officedocument.spreadsheetml.worksheet+xml" PartName="/xl/worksheets/sheet1.xml"/><Override ContentType="application/vnd.openxmlformats-officedocument.spreadsheetml.worksheet+xml" PartName="/xl/worksheets/sheet2.xml"/><Override ContentType="application/vnd.openxmlformats-officedocument.spreadsheetml.worksheet+xml" PartName="/xl/worksheets/sheet3.xml"/><Override ContentType="application/vnd.openxmlformats-officedocument.spreadsheetml.worksheet+xml" PartName="/xl/worksheets/sheet6.xml"/><Override ContentType="application/vnd.openxmlformats-officedocument.spreadsheetml.worksheet+xml" PartName="/xl/worksheets/sheet8.xml"/><Override ContentType="application/vnd.openxmlformats-officedocument.spreadsheetml.worksheet+xml" PartName="/xl/worksheets/sheet7.xml"/><Override ContentType="application/vnd.openxmlformats-officedocument.spreadsheetml.sharedStrings+xml" PartName="/xl/sharedStrings.xml"/><Override ContentType="application/vnd.openxmlformats-officedocument.drawing+xml" PartName="/xl/drawings/drawing4.xml"/><Override ContentType="application/vnd.openxmlformats-officedocument.drawing+xml" PartName="/xl/drawings/drawing8.xml"/><Override ContentType="application/vnd.openxmlformats-officedocument.drawing+xml" PartName="/xl/drawings/drawing3.xml"/><Override ContentType="application/vnd.openxmlformats-officedocument.drawing+xml" PartName="/xl/drawings/drawing6.xml"/><Override ContentType="application/vnd.openxmlformats-officedocument.drawing+xml" PartName="/xl/drawings/drawing5.xml"/><Override ContentType="application/vnd.openxmlformats-officedocument.drawing+xml" PartName="/xl/drawings/drawing1.xml"/><Override ContentType="application/vnd.openxmlformats-officedocument.drawing+xml" PartName="/xl/drawings/drawing7.xml"/><Override ContentType="application/vnd.openxmlformats-officedocument.drawing+xml" PartName="/xl/drawings/drawing2.xml"/><Override ContentType="application/vnd.openxmlformats-officedocument.spreadsheetml.styles+xml" PartName="/xl/styles.xml"/><Override ContentType="application/vnd.openxmlformats-officedocument.spreadsheetml.sheet.main+xml" PartName="/xl/workbook.xml"/></Types>